Time,Event,RiskScore2026-02-06 22:15:07.043992,Preventive Risk Detected,0.95
2026-02-06 22:15:07.044778,Preventive Risk Detected,0.95
2026-02-06 22:15:07.044868,Preventive Risk Detected,0.95
2026-02-06 22:15:07.044941,Preventive Risk Detected,0.95
2026-02-06 22:15:07.045011,Preventive Risk Detected,0.95
2026-02-06 22:15:07.045071,Preventive Risk Detected,0.95
2026-02-06 22:15:07.110118,Preventive Risk Detected,0.95
2026-02-06 22:15:07.110288,Preventive Risk Detected,0.95
2026-02-06 22:15:07.110516,Preventive Risk Detected,0.95
2026-02-06 22:15:07.110607,Preventive Risk Detected,0.95
2026-02-06 22:15:07.110683,Preventive Risk Detected,0.95
2026-02-06 22:15:07.110752,Preventive Risk Detected,0.95
2026-02-06 22:15:34.318925,Preventive Risk Detected,0.95
2026-02-06 22:15:34.319306,Preventive Risk Detected,0.95
2026-02-06 22:15:34.319385,Preventive Risk Detected,0.95
2026-02-06 22:15:34.319445,Preventive Risk Detected,0.95
2026-02-06 22:15:34.319495,Preventive Risk Detected,0.95
2026-02-06 22:15:34.387167,Preventive Risk Detected,0.95
2026-02-06 22:15:34.387371,Preventive Risk Detected,0.95
2026-02-06 22:15:34.387549,Preventive Risk Detected,0.95
2026-02-06 22:15:34.387647,Preventive Risk Detected,0.95
2026-02-06 22:15:34.387712,Preventive Risk Detected,0.95
2026-02-06 22:28:54.480396,Preventive Risk Detected,0.95
2026-02-06 22:28:54.480572,Preventive Risk Detected,0.95
2026-02-06 22:28:54.480781,Preventive Risk Detected,0.95
2026-02-06 22:28:54.480857,Preventive Risk Detected,0.95
2026-02-06 22:28:54.480927,Preventive Risk Detected,0.95
2026-02-06 22:28:54.480993,Preventive Risk Detected,0.95
2026-02-06 22:28:54.542229,Preventive Risk Detected,0.95
2026-02-06 22:28:54.542374,Preventive Risk Detected,0.95
2026-02-06 22:28:54.542595,Preventive Risk Detected,0.95
2026-02-06 22:28:54.542666,Preventive Risk Detected,0.95
2026-02-06 22:28:54.542728,Preventive Risk Detected,0.95
2026-02-06 22:28:54.542789,Preventive Risk Detected,0.95
2026-02-06 22:29:20.507335,Preventive Risk Detected,0.95
2026-02-06 22:29:20.507505,Preventive Risk Detected,0.95
2026-02-06 22:29:20.507713,Preventive Risk Detected,0.95
2026-02-06 22:29:20.507782,Preventive Risk Detected,0.95
2026-02-06 22:29:20.507839,Preventive Risk Detected,0.95
2026-02-06 22:29:20.569653,Preventive Risk Detected,0.95
2026-02-06 22:29:20.569795,Preventive Risk Detected,0.95
2026-02-06 22:29:20.570006,Preventive Risk Detected,0.95
2026-02-06 22:29:20.570074,Preventive Risk Detected,0.95
2026-02-06 22:29:20.570132,Preventive Risk Detected,0.95
2026-02-06 22:29:55.199826,Preventive Risk Detected,0.85
2026-02-06 22:29:55.199997,Preventive Risk Detected,0.85
2026-02-06 22:29:55.200203,Preventive Risk Detected,0.85
2026-02-06 22:29:55.261648,Preventive Risk Detected,0.85
2026-02-06 22:29:55.261814,Preventive Risk Detected,0.85
2026-02-06 22:29:55.262033,Preventive Risk Detected,0.85
